G1 Model,G2 Equivalent,Family,Stage,Standard Source,kW,HP,Connection,Stages,B1 mm,B2 mm,Height mm,D1 mm,D2 mm,Weight kg
CHC 1-1,CHC 1-10,1,1,False,0.37,0.5,DN32 (G1¼),1,262,205,467,133,124,23
CHC 1-2,CHC 1-20,1,2,True,0.37,0.5,DN32 (G1¼),2,262,205,467,133,124,23
CHC 1-3,CHC 1-30,1,3,True,0.37,0.5,DN32 (G1¼),3,280,205,485,133,124,23
CHC 1-4,CHC 1-40,1,4,True,0.37,0.5,DN32 (G1¼),4,298,205,503,133,124,23
CHC 1-5,CHC 1-50,1,5,True,0.37,0.5,DN32 (G1¼),5,316,205,521,133,124,24
CHC 1-6,CHC 1-60,1,6,True,0.37,0.5,DN32 (G1¼),6,334,205,539,133,124,24
CHC 1-7,CHC 1-70,1,7,True,0.37,0.5,DN32 (G1¼),7,352,205,557,133,124,25
CHC 1-8,CHC 1-80,1,8,True,0.55,0.75,DN32 (G1¼),8,370,205,575,133,124,25
CHC 1-9,CHC 1-90,1,9,True,0.55,0.75,DN32 (G1¼),9,388,205,593,133,124,26
CHC 1-10,CHC 1-100,1,10,True,0.55,0.75,DN32 (G1¼),10,406,205,611,133,124,26
CHC 1-11,CHC 1-110,1,11,True,0.55,0.75,DN32 (G1¼),11,424,205,629,133,124,27
CHC 1-12,CHC 1-120,1,12,True,0.75,1,DN32 (G1¼),12,442,205,647,133,124,28
CHC 1-13,CHC 1-130,1,13,True,0.75,1,DN32 (G1¼),13,460,205,665,133,124,29
CHC 1-14,CHC 1-140,1,14,False,0.75,1,DN32 (G1¼),14,496,205,701,133,124,30
CHC 1-15,CHC 1-150,1,15,True,0.75,1,DN32 (G1¼),15,496,205,701,133,124,30
CHC 1-16,CHC 1-160,1,16,False,1.1,1.5,DN32 (G1¼),16,538,241,779,154,133,32
CHC 1-17,CHC 1-170,1,17,True,1.1,1.5,DN32 (G1¼),17,538,241,779,154,133,32
CHC 1-18,CHC 1-180,1,18,False,1.1,1.5,DN32 (G1¼),18,574,241,815,154,133,33
CHC 1-19,CHC 1-190,1,19,True,1.1,1.5,DN32 (G1¼),19,574,241,815,154,133,33
CHC 1-20,CHC 1-200,1,20,False,1.1,1.5,DN32 (G1¼),20,610,241,851,154,133,34
CHC 1-21,CHC 1-210,1,21,True,1.1,1.5,DN32 (G1¼),21,610,241,851,154,133,34
CHC 1-22,CHC 1-220,1,22,False,1.1,1.5,DN32 (G1¼),22,646,241,887,154,133,36
CHC 1-23,CHC 1-230,1,23,True,1.1,1.5,DN32 (G1¼),23,646,241,887,154,133,36
CHC 1-24,CHC 1-240,1,24,False,1.5,2,DN32,24,690,293,983,177,145,43
CHC 1-25,CHC 1-250,1,25,True,1.5,2,DN32,25,690,293,983,177,145,43
CHC 1-26,CHC 1-260,1,26,False,1.5,2,DN32,26,726,293,1019,177,145,44
CHC 1-27,CHC 1-270,1,27,True,1.5,2,DN32,27,726,293,1019,177,145,44
CHC 1-28,CHC 1-280,1,28,False,1.5,2,DN32,28,780,293,1073,177,145,46
CHC 1-29,CHC 1-290,1,29,False,1.5,2,DN32,29,780,293,1073,177,145,46
CHC 1-30,CHC 1-300,1,30,True,1.5,2,DN32,30,780,293,1073,177,145,46
CHC 1-31,CHC 1-310,1,31,False,2.2,3,DN32,31,834,293,1127,177,145,49
CHC 1-32,CHC 1-320,1,32,False,2.2,3,DN32,32,834,293,1127,177,145,49
CHC 1-33,CHC 1-330,1,33,True,2.2,3,DN32,33,834,293,1127,177,145,49
CHC 1-34,CHC 1-340,1,34,False,2.2,3,DN32,34,888,293,1181,177,145,50
CHC 1-35,CHC 1-350,1,35,False,2.2,3,DN32,35,888,293,1181,177,145,50
CHC 1-36,CHC 1-360,1,36,True,2.2,3,DN32,36,888,293,1181,177,145,50
CHC 2-1,CHC 2-10,2,1,False,0.37,0.5,DN32 (G1¼),1,262,205,467,133,102,22
CHC 2-2,CHC 2-20,2,2,True,0.37,0.5,DN32 (G1¼),2,262,205,467,133,102,22
CHC 2-3,CHC 2-30,2,3,True,0.37,0.5,DN32 (G1¼),3,280,205,485,133,102,22
CHC 2-4,CHC 2-40,2,4,True,0.55,0.75,DN32 (G1¼),4,298,205,503,133,102,25
CHC 2-5,CHC 2-50,2,5,True,0.55,0.75,DN32 (G1¼),5,316,205,521,133,102,25
CHC 2-6,CHC 2-60,2,6,True,0.75,1,DN32 (G1¼),6,334,205,539,133,102,27
CHC 2-7,CHC 2-70,2,7,True,0.75,1,DN32 (G1¼),7,352,205,557,133,102,27
CHC 2-8,CHC 2-80,2,8,False,1.1,1.5,DN32 (G1¼),8,394,205,599,154,111,29
CHC 2-9,CHC 2-90,2,9,True,1.1,1.5,DN32 (G1¼),9,394,241,635,154,111,29
CHC 2-10,CHC 2-100,2,10,False,1.1,1.5,DN32 (G1¼),10,430,241,671,154,111,29
CHC 2-11,CHC 2-110,2,11,True,1.1,1.5,DN32 (G1¼),11,430,241,671,154,111,29
CHC 2-12,CHC 2-120,2,12,False,1.5,2,DN32 (G1¼),12,466,241,707,154,111,32
CHC 2-13,CHC 2-130,2,13,True,1.5,2,DN32 (G1¼),13,466,293,759,154,111,32
CHC 2-14,CHC 2-140,2,14,False,1.5,2,DN32,14,502,293,795,154,111,32
CHC 2-15,CHC 2-150,2,15,True,1.5,2,DN32,15,502,293,795,154,111,32
CHC 2-16,CHC 2-160,2,16,False,2.2,3,DN32,16,558,293,851,177,116,38
CHC 2-17,CHC 2-170,2,17,False,2.2,3,DN32,17,558,293,851,177,116,38
CHC 2-18,CHC 2-180,2,18,True,2.2,3,DN32,18,558,293,851,177,116,38
CHC 2-19,CHC 2-190,2,19,False,2.2,3,DN32,19,630,293,923,177,116,43
CHC 2-20,CHC 2-200,2,20,False,2.2,3,DN32,20,630,293,923,177,116,43
CHC 2-21,CHC 2-210,2,21,False,2.2,3,DN32,21,630,293,923,177,116,43
CHC 2-22,CHC 2-220,2,22,True,2.2,3,DN32,22,630,293,923,177,116,43
CHC 2-23,CHC 2-230,2,23,False,3,4,DN32,23,702,293,995,177,116,48
CHC 2-24,CHC 2-240,2,24,False,3,4,DN32,24,702,293,995,177,116,48
CHC 2-25,CHC 2-250,2,25,False,3,4,DN32,25,702,293,995,177,116,48
CHC 2-26,CHC 2-260,2,26,True,3,4,DN32,26,702,293,995,177,116,48
CHC 3-1,CHC 3-10,3,1,False,0.37,0.5,DN32 (G1¼),1,262,205,467,133,102,23
CHC 3-2,CHC 3-20,3,2,True,0.37,0.5,DN32 (G1¼),2,262,205,467,133,102,23
CHC 3-3,CHC 3-30,3,3,True,0.37,0.5,DN32 (G1¼),3,280,205,485,133,102,23
CHC 3-4,CHC 3-40,3,4,True,0.37,0.5,DN32 (G1¼),4,298,205,503,133,102,24
CHC 3-5,CHC 3-50,3,5,True,0.37,0.5,DN32 (G1¼),5,316,205,521,133,102,24
CHC 3-6,CHC 3-60,3,6,True,0.55,0.75,DN32 (G1¼),6,334,205,539,133,102,26
CHC 3-7,CHC 3-70,3,7,True,0.55,0.75,DN32 (G1¼),7,352,205,557,133,102,26
CHC 3-8,CHC 3-80,3,8,True,0.75,1,DN32 (G1¼),8,370,205,575,133,102,27
CHC 3-9,CHC 3-90,3,9,True,0.75,1,DN32 (G1¼),9,388,205,593,133,102,27
CHC 3-10,CHC 3-100,3,10,True,0.75,1,DN32 (G1¼),10,406,205,611,133,102,28
CHC 3-11,CHC 3-110,3,11,True,1.1,1.5,DN32 (G1¼),11,430,241,671,154,111,30
CHC 3-12,CHC 3-120,3,12,True,1.1,1.5,DN32 (G1¼),12,448,241,689,154,111,30
CHC 3-13,CHC 3-130,3,13,True,1.1,1.5,DN32 (G1¼),13,466,241,707,154,111,32
CHC 3-14,CHC 3-140,3,14,False,1.1,1.5,DN32 (G1¼),14,502,241,743,154,111,32
CHC 3-15,CHC 3-150,3,15,True,1.1,1.5,DN32 (G1¼),15,502,241,743,154,111,32
CHC 3-16,CHC 3-160,3,16,False,1.5,2,DN32 (G1¼),16,538,293,831,154,111,36
CHC 3-17,CHC 3-170,3,17,True,1.5,2,DN32 (G1¼),17,538,293,831,154,111,36
CHC 3-18,CHC 3-180,3,18,False,1.5,2,DN32 (G1¼),18,574,293,867,154,111,37
CHC 3-19,CHC 3-190,3,19,True,1.5,2,DN32 (G1¼),19,574,293,867,154,111,37
CHC 3-20,CHC 3-200,3,20,False,2.2,3,DN32 (G1¼),20,618,293,911,177,116,40
CHC 3-21,CHC 3-210,3,21,True,2.2,3,DN32 (G1¼),21,618,293,911,177,116,40
CHC 3-22,CHC 3-220,3,22,False,2.2,3,DN32 (G1¼),22,654,293,947,177,116,42
CHC 3-23,CHC 3-230,3,23,True,2.2,3,DN32 (G1¼),23,654,293,947,177,116,42
CHC 3-24,CHC 3-240,3,24,False,2.2,3,DN32,24,690,293,983,177,116,44
CHC 3-25,CHC 3-250,3,25,True,2.2,3,DN32,25,690,293,983,177,116,44
CHC 3-26,CHC 3-260,3,26,False,2.2,3,DN32,26,726,293,1019,177,116,45
CHC 3-27,CHC 3-270,3,27,True,2.2,3,DN32,27,726,293,1019,177,116,45
CHC 3-28,CHC 3-280,3,28,False,2.2,3,DN32,28,762,293,1055,177,116,46
CHC 3-29,CHC 3-290,3,29,True,2.2,3,DN32,29,762,293,1055,177,116,46
CHC 3-30,CHC 3-300,3,30,False,3,4,DN32,30,798,293,1091,177,116,50
CHC 3-31,CHC 3-310,3,31,True,3,4,DN32,31,798,293,1091,177,116,50
CHC 3-32,CHC 3-320,3,32,False,3,4,DN32,32,834,293,1127,177,116,52
CHC 3-33,CHC 3-330,3,33,True,3,4,DN32,33,834,293,1127,177,116,52
CHC 3-34,CHC 3-340,3,34,False,3,4,DN32,34,888,293,1181,177,116,54
CHC 3-35,CHC 3-350,3,35,False,3,4,DN32,35,888,293,1181,177,116,54
CHC 3-36,CHC 3-360,3,36,True,3,4,DN32,36,888,293,1181,177,116,54
CHC 4-1,CHC 4-10,4,1,False,0.37,0.5,DN32 (G1¼),1,262,205,467,133,102,25
CHC 4-2,CHC 4-20,4,2,True,0.37,0.5,DN32 (G1¼),2,262,205,467,133,102,25
CHC 4-3,CHC 4-30,4,3,True,0.55,0.75,DN32 (G1¼),3,280,205,485,133,102,25
CHC 4-4,CHC 4-40,4,4,True,0.75,1,DN32 (G1¼),4,299,205,504,133,102,26
CHC 4-5,CHC 4-50,4,5,True,1.1,1.5,DN32 (G1¼),5,322,241,563,154,111,26
CHC 4-6,CHC 4-60,4,6,True,1.1,1.5,DN32 (G1¼),6,340,241,581,154,111,28
CHC 4-7,CHC 4-70,4,7,True,1.5,2,DN32 (G1¼),7,358,293,651,154,111,33
CHC 4-8,CHC 4-80,4,8,True,1.5,2,DN32 (G1¼),8,376,293,669,154,111,33
CHC 4-9,CHC 4-90,4,9,False,2.2,3,DN32 (G1¼),9,420,293,713,177,116,35
CHC 4-10,CHC 4-100,4,10,True,2.2,3,DN32 (G1¼),10,420,293,713,177,116,35
CHC 4-11,CHC 4-110,4,11,False,2.2,3,DN32 (G1¼),11,456,293,749,177,116,35
CHC 4-12,CHC 4-120,4,12,True,2.2,3,DN32 (G1¼),12,456,293,749,177,116,35
CHC 4-13,CHC 4-130,4,13,False,3,4,DN32 (G1¼),13,492,293,785,177,116,38
CHC 4-14,CHC 4-140,4,14,True,3,4,DN32 (G1¼),14,492,293,785,177,116,38
CHC 4-15,CHC 4-150,4,15,False,3,4,DN32,15,528,293,821,177,116,38
CHC 4-16,CHC 4-160,4,16,True,3,4,DN32,16,528,293,821,177,116,38
CHC 4-17,CHC 4-170,4,17,False,4,5.5,DN32,17,602,305,907,197,148,48
CHC 4-18,CHC 4-180,4,18,False,4,5.5,DN32,18,602,305,907,197,148,48
CHC 4-19,CHC 4-190,4,19,True,4,5.5,DN32,19,602,305,907,197,148,48
CHC 4-20,CHC 4-200,4,20,False,4,5.5,DN32,20,656,305,961,197,148,53
CHC 4-21,CHC 4-210,4,21,False,4,5.5,DN32,21,656,305,961,197,148,53
CHC 4-22,CHC 4-220,4,22,True,4,5.5,DN32,22,656,305,961,197,148,53
CHC 5-1,CHC 5-10,5,1,False,0.37,0.5,DN32 (G1¼),1,280,205,485,133,102,23
CHC 5-2,CHC 5-20,5,2,True,0.37,0.5,DN32 (G1¼),2,280,205,485,133,102,23
CHC 5-3,CHC 5-30,5,3,True,0.55,0.75,DN32 (G1¼),3,307,205,512,133,102,23
CHC 5-4,CHC 5-40,5,4,True,0.55,0.75,DN32 (G1¼),4,334,205,539,133,102,25
CHC 5-5,CHC 5-50,5,5,True,0.75,1,DN32 (G1¼),5,361,205,566,133,102,25
CHC 5-6,CHC 5-60,5,6,True,1.1,1.5,DN32 (G1¼),6,394,241,635,154,111,29
CHC 5-7,CHC 5-70,5,7,True,1.1,1.5,DN32 (G1¼),7,421,241,662,154,111,31
CHC 5-8,CHC 5-80,5,8,True,1.1,1.5,DN32 (G1¼),8,448,241,689,154,111,32
CHC 5-9,CHC 5-90,5,9,True,1.5,2,DN32 (G1¼),9,483,293,776,177,144.5,38
CHC 5-10,CHC 5-100,5,10,True,1.5,2,DN32 (G1¼),10,510,293,803,177,144.5,39
CHC 5-11,CHC 5-110,5,11,True,2.2,3,DN32 (G1¼),11,537,293,830,177,144.5,40
CHC 5-12,CHC 5-120,5,12,True,2.2,3,DN32 (G1¼),12,564,293,857,177,144.5,41
CHC 5-13,CHC 5-130,5,13,True,2.2,3,DN32 (G1¼),13,591,293,884,177,144.5,42
CHC 5-14,CHC 5-140,5,14,True,2.2,3,DN32 (G1¼),14,618,293,911,177,144.5,43
CHC 5-15,CHC 5-150,5,15,True,2.2,3,DN32 (G1¼),15,645,293,938,177,144.5,44
CHC 5-16,CHC 5-160,5,16,True,2.2,3,DN32 (G1¼),16,672,293,965,177,144.5,45
CHC 5-17,CHC 5-170,5,17,False,3,4,DN32 (G1¼),17,726,293,1019,177,116,48
CHC 5-18,CHC 5-180,5,18,True,3,4,DN32 (G1¼),18,726,293,1019,177,116,48
CHC 5-19,CHC 5-190,5,19,False,3,4,DN32 (G1¼),19,780,293,1073,177,116,49
CHC 5-20,CHC 5-200,5,20,True,3,4,DN32 (G1¼),20,780,293,1073,177,116,49
CHC 5-21,CHC 5-210,5,21,False,4,5.5,DN32 (G1¼),21,854,305,1159,197,148,61
CHC 5-22,CHC 5-220,5,22,True,4,5.5,DN32 (G1¼),22,854,305,1159,197,148,61
CHC 5-23,CHC 5-230,5,23,False,4,5.5,DN32,23,908,305,1213,197,148,62
CHC 5-24,CHC 5-240,5,24,True,4,5.5,DN32,24,908,305,1213,197,148,62
CHC 5-25,CHC 5-250,5,25,False,4,5.5,DN32,25,962,305,1267,197,148,64
CHC 5-26,CHC 5-260,5,26,True,4,5.5,DN32,26,962,305,1267,197,148,64
CHC 5-27,CHC 5-270,5,27,False,4,5.5,DN32,27,1043,305,1348,197,148,67
CHC 5-28,CHC 5-280,5,28,False,4,5.5,DN32,28,1043,305,1348,197,148,67
CHC 5-29,CHC 5-290,5,29,True,4,5.5,DN32,29,1043,305,1348,197,148,67
CHC 5-30,CHC 5-300,5,30,False,5.5,7.5,DN32,30,1145,390,1535,275,210,82
CHC 5-31,CHC 5-310,5,31,False,5.5,7.5,DN32,31,1145,390,1535,275,210,82
CHC 5-32,CHC 5-320,5,32,True,5.5,7.5,DN32,32,1145,390,1535,275,210,82
CHC 5-33,CHC 5-330,5,33,False,5.5,7.5,DN32,33,1253,390,1643,275,210,85
CHC 5-34,CHC 5-340,5,34,False,5.5,7.5,DN32,34,1253,390,1643,275,210,85
CHC 5-35,CHC 5-350,5,35,False,5.5,7.5,DN32,35,1253,390,1643,275,210,85
CHC 5-36,CHC 5-360,5,36,True,5.5,7.5,DN32,36,1253,390,1643,275,210,85
CHC 8-1,CHC 8-10,8,1,True,0.37,0.5,DN40 (G1½),1,322,205,527,133,102,38
CHC 8-2,CHC 8-20,8,2,True,0.75,1,DN40 (G1½),2,352,205,557,133,102,40
CHC 8-3,CHC 8-30,8,3,True,1.1,1.5,DN40 (G1½),3,388,241,629,154,111,43
CHC 8-4,CHC 8-40,8,4,True,1.5,2,DN40 (G1½),4,418,293,711,154,111,50
CHC 8-5,CHC 8-50,8,5,True,2.2,3,DN40 (G1½),5,456,293,749,177,116,53
CHC 8-6,CHC 8-60,8,6,True,2.2,3,DN40 (G1½),6,486,293,779,177,116,55
CHC 8-7,CHC 8-70,8,7,True,3,4,DN40 (G1½),7,516,293,809,177,116,60
CHC 8-8,CHC 8-80,8,8,True,3,4,DN40 (G1½),8,546,293,839,177,116,61
CHC 8-9,CHC 8-90,8,9,True,3,4,DN40 (G1½),9,576,293,869,177,116,63
CHC 8-10,CHC 8-100,8,10,True,4,5.5,DN40 (G1½),10,626,305,931,197,148,65
CHC 8-11,CHC 8-110,8,11,False,4,5.5,DN40 (G1½),11,686,305,991,197,148,68
CHC 8-12,CHC 8-120,8,12,True,4,5.5,DN40 (G1½),12,686,305,991,197,148,68
CHC 8-13,CHC 8-130,8,13,False,5.5,7.5,DN40,13,761,390,1151,275,210,98
CHC 8-14,CHC 8-140,8,14,True,5.5,7.5,DN40,14,761,390,1151,275,210,98
CHC 8-15,CHC 8-150,8,15,False,5.5,7.5,DN40,15,821,390,1211,275,210,100
CHC 8-16,CHC 8-160,8,16,True,5.5,7.5,DN40,16,821,390,1211,275,210,100
CHC 8-17,CHC 8-170,8,17,False,7.5,10,DN40,17,881,390,1271,275,210,125
CHC 8-18,CHC 8-180,8,18,True,7.5,10,DN40,18,881,390,1271,275,210,125
CHC 8-19,CHC 8-190,8,19,False,7.5,10,DN40,19,941,390,1331,275,210,128
CHC 8-20,CHC 8-200,8,20,True,7.5,10,DN40,20,941,390,1331,275,210,128
CHC 8-21,CHC 8-210,8,21,False,7.5,10,DN40,21,1001,390,1391,275,210,130
CHC 8-22,CHC 8-220,8,22,True,7.5,10,DN40,22,1001,390,1391,275,210,130
CHC 10-1,CHC 10-10,10,1,True,0.37,0.5,DN40 (G1½),1,322,205,527,133,102,38
CHC 10-2,CHC 10-20,10,2,True,0.75,1,DN40 (G1½),2,352,205,557,133,102,40
CHC 10-3,CHC 10-30,10,3,True,1.1,1.5,DN40 (G1½),3,388,241,629,154,111,43
CHC 10-4,CHC 10-40,10,4,True,1.5,2,DN40 (G1½),4,418,293,711,154,111,50
CHC 10-5,CHC 10-50,10,5,True,2.2,3,DN40 (G1½),5,456,293,749,177,116,53
CHC 10-6,CHC 10-60,10,6,True,2.2,3,DN40 (G1½),6,486,293,779,177,116,55
CHC 10-7,CHC 10-70,10,7,True,3,4,DN40 (G1½),7,516,293,809,177,116,60
CHC 10-8,CHC 10-80,10,8,True,3,4,DN40 (G1½),8,546,293,839,177,116,61
CHC 10-9,CHC 10-90,10,9,True,3,4,DN40 (G1½),9,576,293,869,177,116,63
CHC 10-10,CHC 10-100,10,10,True,4,5.5,DN40 (G1½),10,626,305,931,197,148,65
CHC 10-11,CHC 10-110,10,11,False,4,5.5,DN40 (G1½),11,686,305,991,197,148,68
CHC 10-12,CHC 10-120,10,12,True,4,5.5,DN40 (G1½),12,686,305,991,197,148,68
CHC 10-13,CHC 10-130,10,13,False,5.5,7.5,DN40,13,761,390,1151,275,210,98
CHC 10-14,CHC 10-140,10,14,True,5.5,7.5,DN40,14,761,390,1151,275,210,98
CHC 10-15,CHC 10-150,10,15,False,5.5,7.5,DN40,15,821,390,1211,275,210,100
CHC 10-16,CHC 10-160,10,16,True,5.5,7.5,DN40,16,821,390,1211,275,210,100
CHC 10-17,CHC 10-170,10,17,False,7.5,10,DN40,17,881,390,1271,275,210,125
CHC 10-18,CHC 10-180,10,18,True,7.5,10,DN40,18,881,390,1271,275,210,125
CHC 10-19,CHC 10-190,10,19,False,7.5,10,DN40,19,941,390,1331,275,210,128
CHC 10-20,CHC 10-200,10,20,True,7.5,10,DN40,20,941,390,1331,275,210,128
CHC 10-21,CHC 10-210,10,21,False,7.5,10,DN40,21,1001,390,1391,275,210,130
CHC 10-22,CHC 10-220,10,22,True,7.5,10,DN40,22,1001,390,1391,275,210,130
CHC 12-1,CHC 12-10,12,1,False,1.5,2,DN50,1,379,290,669,190,150,37
CHC 12-2,CHC 12-20,12,2,True,1.5,2,DN50,2,379,290,669,190,150,37
CHC 12-3,CHC 12-30,12,3,True,2.2,3,DN50,3,409,290,699,190,150,40
CHC 12-4,CHC 12-40,12,4,True,3,4,DN50,4,449,325,774,197,165,47
CHC 12-5,CHC 12-50,12,5,True,3,4,DN50,5,479,325,804,197,165,48
CHC 12-6,CHC 12-60,12,6,True,4,5.5,DN50,6,509,335,844,230,188,58
CHC 12-7,CHC 12-70,12,7,True,5.5,7.5,DN50,7,559,430,989,260,208,76
CHC 12-8,CHC 12-80,12,8,True,5.5,7.5,DN50,8,589,430,1019,260,208,76
CHC 12-9,CHC 12-90,12,9,True,5.5,7.5,DN50,9,619,430,1049,260,208,78
CHC 12-10,CHC 12-100,12,10,True,7.5,10,DN50,10,649,430,1079,260,208,78
CHC 12-11,CHC 12-110,12,11,True,7.5,10,DN50,11,709,430,1139,260,208,80
CHC 12-12,CHC 12-120,12,12,True,7.5,10,DN50,12,709,430,1139,260,208,80
CHC 12-13,CHC 12-130,12,13,True,11,15,DN50,13,859,505,1364,330,255,151
CHC 12-14,CHC 12-140,12,14,True,11,15,DN50,14,859,505,1364,330,255,151
CHC 12-15,CHC 12-150,12,15,True,11,15,DN50,15,919,505,1424,330,255,151
CHC 12-16,CHC 12-160,12,16,True,11,15,DN50,16,919,505,1424,330,255,151
CHC 12-17,CHC 12-170,12,17,True,11,15,DN50,17,979,505,1484,330,255,153
CHC 12-18,CHC 12-180,12,18,True,11,15,DN50,18,979,505,1484,330,255,153
CHC 15-1,CHC 15-10,15,1,True,1.1,1.5,DN50,1,353,241,594,154,111,45
CHC 15-2,CHC 15-20,15,2,True,2.2,3,DN50,2,406,293,699,177,116,50
CHC 15-3,CHC 15-30,15,3,True,3,4,DN50,3,451,293,744,177,116,55
CHC 15-4,CHC 15-40,15,4,True,4,5.5,DN50,4,516,305,821,197,148,60
CHC 15-5,CHC 15-50,15,5,True,4,5.5,DN50,5,561,305,866,197,148,63
CHC 15-6,CHC 15-60,15,6,True,5.5,7.5,DN50,6,627,390,1017,275,210,93
CHC 15-7,CHC 15-70,15,7,True,5.5,7.5,DN50,7,672,390,1062,275,210,97
CHC 15-8,CHC 15-80,15,8,True,7.5,10,DN50,8,717,390,1107,275,210,100
CHC 15-9,CHC 15-90,15,9,True,7.5,10,DN50,9,762,390,1152,275,210,102
CHC 15-10,CHC 15-100,15,10,True,11,15,DN50,10,827,505,1332,330,255,145
CHC 15-11,CHC 15-110,15,11,False,11,15,DN50,11,917,505,1422,330,255,150
CHC 15-12,CHC 15-120,15,12,True,11,15,DN50,12,917,505,1422,330,255,150
CHC 15-13,CHC 15-130,15,13,False,11,15,DN50,13,1007,505,1512,330,255,152
CHC 15-14,CHC 15-140,15,14,True,11,15,DN50,14,1007,505,1512,330,255,152
CHC 15-15,CHC 15-150,15,15,False,15,20,DN50,15,1097,505,1602,330,255,153
CHC 15-16,CHC 15-160,15,16,True,15,20,DN50,16,1097,505,1602,330,255,153
CHC 15-17,CHC 15-170,15,17,True,15,20,DN50,17,1142,505,1647,330,255,165
CHC 16-1,CHC 16-10,16,1,True,1.1,1.5,DN50,1,353,241,594,154,111,45
CHC 16-2,CHC 16-20,16,2,True,2.2,3,DN50,2,406,293,699,177,116,50
CHC 16-3,CHC 16-30,16,3,True,3,4,DN50,3,451,293,744,177,116,55
CHC 16-4,CHC 16-40,16,4,True,4,5.5,DN50,4,516,305,821,197,148,60
CHC 16-5,CHC 16-50,16,5,True,4,5.5,DN50,5,561,305,866,197,148,63
CHC 16-6,CHC 16-60,16,6,True,5.5,7.5,DN50,6,627,390,1017,275,210,93
CHC 16-7,CHC 16-70,16,7,True,5.5,7.5,DN50,7,672,390,1062,275,210,97
CHC 16-8,CHC 16-80,16,8,True,7.5,10,DN50,8,717,390,1107,275,210,100
CHC 16-9,CHC 16-90,16,9,True,7.5,10,DN50,9,762,390,1152,275,210,102
CHC 16-10,CHC 16-100,16,10,True,11,15,DN50,10,827,505,1332,330,255,145
CHC 16-11,CHC 16-110,16,11,False,11,15,DN50,11,917,505,1422,330,255,150
CHC 16-12,CHC 16-120,16,12,True,11,15,DN50,12,917,505,1422,330,255,150
CHC 16-13,CHC 16-130,16,13,False,11,15,DN50,13,1007,505,1512,330,255,152
CHC 16-14,CHC 16-140,16,14,True,11,15,DN50,14,1007,505,1512,330,255,152
CHC 16-15,CHC 16-150,16,15,False,15,20,DN50,15,1097,505,1602,330,255,153
CHC 16-16,CHC 16-160,16,16,True,15,20,DN50,16,1097,505,1602,330,255,153
CHC 16-17,CHC 16-170,16,17,True,15,20,DN50,17,1142,505,1647,330,255,165
CHC 20-1,CHC 20-10,20,1,False,1.1,1.5,DN50,1,353,241,594,154,111,45
CHC 20-2,CHC 20-20,20,2,False,2.2,3,DN50,2,406,293,699,177,116,50
CHC 20-3,CHC 20-30,20,3,False,4,5.5,DN50,3,471,305,776,197,148,60
CHC 20-4,CHC 20-40,20,4,False,5.5,7.5,DN50,4,537,305,842,197,148,85
CHC 20-5,CHC 20-50,20,5,False,5.5,7.5,DN50,5,582,390,972,275,210,88
CHC 20-6,CHC 20-60,20,6,False,7.5,10,DN50,6,627,390,1017,275,210,92
CHC 20-7,CHC 20-70,20,7,False,7.5,10,DN50,7,672,390,1062,275,210,95
CHC 20-8,CHC 20-80,20,8,False,11,15,DN50,8,737,505,1242,330,255,135
CHC 20-9,CHC 20-90,20,9,False,11,15,DN50,9,827,505,1332,330,255,141
CHC 20-10,CHC 20-100,20,10,False,11,15,DN50,10,827,505,1332,330,255,141
CHC 20-11,CHC 20-110,20,11,False,15,20,DN50,11,917,505,1422,330,255,148
CHC 20-12,CHC 20-120,20,12,False,15,20,DN50,12,917,505,1422,330,255,148
CHC 20-13,CHC 20-130,20,13,False,15,20,DN50,13,1007,505,1512,330,255,153
CHC 20-14,CHC 20-140,20,14,False,15,20,DN50,14,1007,505,1512,330,255,153
CHC 20-15,CHC 20-150,20,15,False,18.5,25,DN50,15,1097,560,1657,330,255,173
CHC 20-16,CHC 20-160,20,16,False,18.5,25,DN50,16,1097,560,1657,330,255,173
CHC 20-17,CHC 20-170,20,17,False,18.5,25,DN50,17,1142,560,1702,330,255,176
CHC 32-1-1,CHC 32-10-1,32,1,True,1.5,2,DN65,1,455,293,748,154,111,62
CHC 32-1,CHC 32-10,32,1,True,2.2,3,DN65,1,455,293,748,177,116,63
CHC 32-2-2,CHC 32-20-2,32,2,True,3,4,DN65,2,525,293,818,177,116,77
CHC 32-2,CHC 32-20,32,2,True,4,5.5,DN65,2,525,305,830,197,148,88
CHC 32-3-2,CHC 32-30-2,32,3,True,4,5.5,DN65,3,595,305,900,197,148,107
CHC 32-3,CHC 32-30,32,3,True,5.5,7.5,DN65,3,620,390,1010,275,210,107
CHC 32-4-2,CHC 32-40-2,32,4,True,7.5,10,DN65,4,690,390,1080,275,210,119
CHC 32-4,CHC 32-40,32,4,True,7.5,10,DN65,4,690,390,1080,275,210,120
CHC 32-5-2,CHC 32-50-2,32,5,True,11,15,DN65,5,915,505,1420,330,255,173
CHC 32-5,CHC 32-50,32,5,True,11,15,DN65,5,915,505,1420,330,255,174
CHC 32-6-2,CHC 32-60-2,32,6,True,11,15,DN65,6,985,505,1490,330,255,180
CHC 32-6,CHC 32-60,32,6,True,11,15,DN65,6,985,505,1490,330,255,181
CHC 32-7-2,CHC 32-70-2,32,7,True,15,20,DN65,7,1055,505,1560,330,255,210
CHC 32-7,CHC 32-70,32,7,True,15,20,DN65,7,1055,505,1560,330,255,211
CHC 32-8-2,CHC 32-80-2,32,8,True,15,20,DN65,8,1125,505,1630,330,255,213
CHC 32-8,CHC 32-80,32,8,True,15,20,DN65,8,1125,505,1630,330,255,214
CHC 32-9-2,CHC 32-90-2,32,9,True,18.5,25,DN65,9,1195,560,1755,330,255,230
CHC 32-9,CHC 32-90,32,9,True,18.5,25,DN65,9,1195,560,1755,330,255,230
CHC 32-10-2,CHC 32-100-2,32,10,True,18.5,25,DN65,10,1265,560,1825,330,255,235
CHC 32-10,CHC 32-100,32,10,True,18.5,25,DN65,10,1265,560,1825,330,255,236
CHC 32-11-2,CHC 32-110-2,32,11,True,22,30,DN65,1,1335,590,1925,380,280,275
CHC 32-11,CHC 32-110,32,11,True,22,30,DN65,1,1335,590,1925,380,280,276
CHC 32-12-2,CHC 32-120-2,32,12,True,22,30,DN65,12,1405,590,1995,380,280,280
CHC 32-12,CHC 32-120,32,12,True,22,30,DN65,12,1405,590,1995,380,280,281
CHC 32-13-2,CHC 32-130-2,32,13,True,30,40,DN65,13,1475,660,2135,420,305,400
CHC 32-13,CHC 32-130,32,13,True,30,40,DN65,13,1475,660,2135,420,305,400
CHC 32-14-2,CHC 32-140-2,32,14,True,30,40,DN65,14,1525,660,2185,420,305,405
CHC 32-14,CHC 32-140,32,14,True,30,40,DN65,14,1525,660,2185,420,305,405
CHC 45-1-1,CHC 45-10-1,45,1,True,3,4,DN80,1,561,293,854,197,165,86
CHC 45-1,CHC 45-10,45,1,True,4,5.5,DN80,1,561,315,876,260,165,86
CHC 45-2-2,CHC 45-20-2,45,2,True,5.5,7.5,DN80,2,641,430,1071,260,208,102
CHC 45-2,CHC 45-20,45,2,True,7.5,10,DN80,2,641,430,1071,330,208,102
CHC 45-3-2,CHC 45-30-2,45,3,True,11,15,DN80,3,826,490,1316,330,255,175
CHC 45-3,CHC 45-30,45,3,True,11,15,DN80,3,826,490,1316,330,255,175
CHC 45-4-2,CHC 45-40-2,45,4,True,15,20,DN80,4,906,490,1396,330,255,187
CHC 45-4,CHC 45-40,45,4,True,15,20,DN80,4,906,490,1396,330,255,187
CHC 45-5-2,CHC 45-50-2,45,5,True,18.5,25,DN80,5,986,550,1536,330,255,208
CHC 45-5,CHC 45-50,45,5,True,18.5,25,DN80,5,986,550,1536,330,255,208
CHC 45-6-2,CHC 45-60-2,45,6,True,22,30,DN80,6,1066,590,1656,360,285,251
CHC 45-6,CHC 45-60,45,6,True,22,30,DN80,6,1066,590,1656,360,285,251
CHC 45-7-2,CHC 45-70-2,45,7,True,30,40,DN80,7,1146,660,1806,420,310,315
CHC 45-7,CHC 45-70,45,7,True,30,40,DN80,7,1146,660,1806,420,310,315
CHC 45-8-2,CHC 45-80-2,45,8,True,30,40,DN80,8,1226,660,1886,420,310,319
CHC 45-8,CHC 45-80,45,8,True,30,40,DN80,8,1226,660,1886,420,310,319
CHC 45-9-2,CHC 45-90-2,45,9,True,30,40,DN80,9,1306,660,1966,420,310,323
CHC 45-9,CHC 45-90,45,9,True,37,50,DN80,9,1306,660,1966,420,310,323
CHC 45-10-2,CHC 45-100-2,45,10,True,37,50,DN80,10,1386,660,2046,420,310,347
CHC 45-10,CHC 45-100,45,10,True,37,50,DN80,10,1386,660,2046,420,310,347
CHC 45-11-2,CHC 45-110-2,45,11,True,45,60,DN80,11,1466,700,2166,470,345,413
CHC 45-11,CHC 45-110,45,11,True,45,60,DN80,11,1466,700,2166,470,345,413
CHC 45-12-2,CHC 45-120-2,45,12,True,45,60,DN80,12,1546,700,2246,470,345,417
CHC 45-12,CHC 45-120,45,12,True,45,60,DN80,12,1546,700,2246,470,345,417
CHC 45-13-2,CHC 45-130-2,45,13,True,45,60,DN80,13,1626,700,2326,470,345,421
CHC 64-1-1,CHC 64-10-1,64,1,True,4,5.5,DN100,1,561,335,896,230,188,105
CHC 64-1,CHC 64-10,64,1,True,5.5,7.5,DN100,1,561,430,991,260,208,110
CHC 64-2-2,CHC 64-20-2,64,2,True,7.5,10,DN100,2,644,430,1074,260,208,120
CHC 64-2-1,CHC 64-20-1,64,2,True,11,15,DN100,2,754,490,1244,330,255,155
CHC 64-2,CHC 64-20,64,2,True,11,15,DN100,2,754,490,1244,330,255,155
CHC 64-3-2,CHC 64-30-2,64,3,True,15,20,DN100,3,836,490,1326,330,255,195
CHC 64-3-1,CHC 64-30-1,64,3,True,15,20,DN100,3,836,490,1326,330,255,195
CHC 64-3,CHC 64-30,64,3,True,18.5,25,DN100,3,836,550,1386,330,255,205
CHC 64-4-2,CHC 64-40-2,64,4,True,18.5,25,DN100,4,919,550,1469,330,255,208
CHC 64-4-1,CHC 64-40-1,64,4,True,22,30,DN100,4,919,590,1509,360,285,260
CHC 64-4,CHC 64-40,64,4,True,22,30,DN100,4,919,590,1509,360,285,260
CHC 64-5-2,CHC 64-50-2,64,5,True,30,40,DN100,5,1001,660,1661,420,310,345
CHC 64-5-1,CHC 64-50-1,64,5,True,30,40,DN100,5,1001,660,1661,420,310,345
CHC 64-5,CHC 64-50,64,5,True,30,40,DN100,5,1001,660,1661,420,310,345
CHC 64-6-2,CHC 64-60-2,64,6,True,30,40,DN100,6,1084,660,1744,420,310,350
CHC 64-6-1,CHC 64-60-1,64,6,True,37,50,DN100,6,1084,660,1744,420,310,370
CHC 64-6,CHC 64-60,64,6,True,37,50,DN100,6,1084,660,1744,420,310,370
CHC 64-7-2,CHC 64-70-2,64,7,True,37,50,DN100,7,1166,660,1826,420,310,375
CHC 64-7-1,CHC 64-70-1,64,7,True,37,50,DN100,7,1166,660,1826,420,310,375
CHC 64-7,CHC 64-70,64,7,True,45,60,DN100,7,1166,700,1866,420,310,435
CHC 64-8-2,CHC 64-80-2,64,8,True,45,60,DN100,8,1248,700,1948,470,345,440
CHC 64-8-1,CHC 64-80-1,64,8,True,45,60,DN100,8,1248,700,1948,470,345,440
CHC 90-1-1,CHC 90-10-1,90,1,True,5.5,7.5,DN100,1,571,430,1001,260,208,120
CHC 90-1,CHC 90-10,90,1,True,7.5,10,DN100,1,571,430,1001,260,208,122
CHC 90-2-2,CHC 90-20-2,90,2,True,11,15,DN100,2,773,490,1263,330,255,165
CHC 90-2,CHC 90-20,90,2,True,15,20,DN100,2,773,490,1263,330,255,198
CHC 90-3-2,CHC 90-30-2,90,3,True,18.5,25,DN100,3,865,550,1415,330,255,212
CHC 90-3,CHC 90-30,90,3,True,22,30,DN100,3,865,590,1455,360,285,265
CHC 90-4-2,CHC 90-40-2,90,4,True,30,40,DN100,4,957,660,1617,420,310,348
CHC 90-4,CHC 90-40,90,4,True,30,40,DN100,4,957,660,1617,420,310,348
CHC 90-5-2,CHC 90-50-2,90,5,True,37,50,DN100,5,1049,660,1709,420,310,375
CHC 90-5,CHC 90-50,90,5,True,37,50,DN100,5,1049,660,1709,420,310,375
CHC 90-6-2,CHC 90-60-2,90,6,True,45,60,DN100,6,1141,700,1841,475,345,438
CHC 90-6,CHC 90-60,90,6,True,45,60,DN100,6,1141,700,1841,475,345,438
CHC 120-1,CHC 120-10,120,1,True,11,15,DN125,1,840,490,1330,330,255,230
CHC 120-2-2,CHC 120-20-2,120,2,True,18.5,25,DN125,2,1000,550,1550,330,255,250
CHC 120-2-1,CHC 120-20-1,120,2,True,18.5,25,DN125,2,1000,550,1550,330,255,250
CHC 120-2,CHC 120-20,120,2,True,22,30,DN125,2,1000,590,1590,360,285,285
CHC 120-3-2,CHC 120-30-2,120,3,True,30,40,DN125,3,1160,660,1820,400,310,360
CHC 120-3-1,CHC 120-30-1,120,3,True,30,40,DN125,3,1160,660,1820,400,310,360
CHC 120-3,CHC 120-30,120,3,True,30,40,DN125,3,1160,660,1820,400,310,360
CHC 120-4-2,CHC 120-40-2,120,4,True,37,50,DN125,4,1320,660,1980,400,310,400
CHC 120-4-1,CHC 120-40-1,120,4,True,37,50,DN125,4,1320,660,1980,400,310,400
CHC 120-4,CHC 120-40,120,4,True,45,60,DN125,4,1480,700,2180,460,340,450
CHC 120-5-2,CHC 120-50-2,120,5,True,45,60,DN125,5,1480,700,2180,460,340,470
CHC 120-5-1,CHC 120-50-1,120,5,True,45,60,DN125,5,1480,700,2180,460,340,470
CHC 120-5,CHC 120-50,120,5,True,55,75,DN125,5,1480,770,2250,540,370,555
CHC 120-6-2,CHC 120-60-2,120,6,True,55,75,DN125,6,1670,770,2440,540,370,585
CHC 120-6-1,CHC 120-60-1,120,6,True,55,75,DN125,6,1670,770,2440,540,370,585
CHC 120-6,CHC 120-60,120,6,True,75,100,DN125,6,1670,845,2515,580,410,685
CHC 120-7-2,CHC 120-70-2,120,7,True,75,100,DN125,7,1830,845,2675,580,410,715
CHC 120-7-1,CHC 120-70-1,120,7,True,75,100,DN125,7,1830,845,2675,580,410,715
CHC 120-7,CHC 120-70,120,7,True,75,100,DN125,7,1830,845,2675,580,410,715
CHC 150-1-1,CHC 150-10-1,150,1,True,11,15,DN125,1,840,490,1330,330,255,230
CHC 150-1,CHC 150-10,150,1,True,15,20,DN125,1,840,490,1330,330,255,235
CHC 150-2-2,CHC 150-20-2,150,2,True,22,30,DN125,2,1000,590,1590,360,285,295
CHC 150-2-1,CHC 150-20-1,150,2,True,22,30,DN125,2,1000,590,1590,360,285,295
CHC 150-2,CHC 150-20,150,2,True,30,40,DN125,2,1000,660,1660,400,310,335
CHC 150-3-2,CHC 150-30-2,150,3,True,30,40,DN125,3,1160,660,1820,400,310,360
CHC 150-3-1,CHC 150-30-1,150,3,True,37,50,DN125,3,1160,660,1820,400,310,385
CHC 150-3,CHC 150-30,150,3,True,37,50,DN125,3,1160,660,1820,400,310,385
CHC 150-4-2,CHC 150-40-2,150,4,True,45,60,DN125,4,1320,700,2020,460,340,460
CHC 150-4-1,CHC 150-40-1,150,4,True,45,60,DN125,4,1320,700,2020,460,340,460
CHC 150-4,CHC 150-40,150,4,True,55,75,DN125,4,1320,770,2090,540,370,545
CHC 150-5-2,CHC 150-50-2,150,5,True,55,75,DN125,5,1510,770,2280,540,370,570
CHC 150-5-1,CHC 150-50-1,150,5,True,75,100,DN125,5,1510,845,2355,580,410,670
CHC 150-5,CHC 150-50,150,5,True,75,100,DN125,5,1510,845,2355,580,410,670
CHC 150-6-2,CHC 150-60-2,150,6,True,75,100,DN125,6,1670,845,2515,580,410,700
CHC 150-6-1,CHC 150-60-1,150,6,True,75,100,DN125,6,1670,845,2515,580,410,700
CHC 150-6,CHC 150-60,150,6,True,75,100,DN125,6,1670,845,2515,580,410,700
CHC 200-1-B,CHC 200-10-B,200,1,True,18.5,25,DN150,1,907,550,1457,330,255,311
CHC 200-1-A,CHC 200-10-A,200,1,True,22,30,DN150,1,907,575,1482,360,285,347
CHC 200-1,CHC 200-10,200,1,True,30,40,DN150,1,907,650,1557,400,310,403
CHC 200-2-2B,CHC 200-20-2B,200,2,True,37,50,DN150,2,1101,650,1751,400,310,447
CHC 200-2-2A,CHC 200-20-2A,200,2,True,45,60,DN150,2,1101,685,1786,460,340,504
CHC 200-2-A,CHC 200-20-A,200,2,True,55,75,DN150,2,1131,760,1891,540,370,595
CHC 200-2,CHC 200-20,200,2,True,55,75,DN150,2,1131,760,1891,540,370,595
CHC 200-3-2B,CHC 200-30-2B,200,3,True,75,100,DN150,3,1325,845,2170,580,410,748
CHC 200-3-A-B,CHC 200-30-A-B,200,3,True,75,100,DN150,3,1325,845,2170,580,410,748
CHC 200-3-2A,CHC 200-30-2A,200,3,True,75,100,DN150,3,1325,845,2170,580,410,748
CHC 200-3-B,CHC 200-30-B,200,3,True,75,100,DN150,3,1325,845,2170,580,410,748
CHC 200-3-A,CHC 200-30-A,200,3,True,75,100,DN150,3,1325,845,2170,580,410,748
CHC 200-3,CHC 200-30,200,3,True,90,125,DN150,3,1325,895,2220,580,410,817
CHC 200-4-2B,CHC 200-40-2B,200,4,True,90,125,DN150,4,1519,895,2414,580,410,830
CHC 200-4-2A,CHC 200-40-2A,200,4,True,110,150,DN150,4,1519,1140,2659,645,550,1180
CHC 200-4-A,CHC 200-40-A,200,4,True,110,150,DN150,4,1519,1140,2659,645,550,1180
CHC 200-4,CHC 200-40,200,4,True,110,150,DN150,4,1519,1140,2659,645,550,1180
